set	gene	reason
lineage/Ovarian_stroma	INHA	no CellMarker 2.0 record for this cell type, not named with it in a primary reference, and no reviewed sentence from other literature
lineage/Adipocyte	PPARG	no CellMarker 2.0 record for this cell type, not named with it in a primary reference, and no reviewed sentence from other literature
TNK.level1/mregDC	WDFY4	no CellMarker 2.0 record for this cell type, not named with it in a primary reference, and no reviewed sentence from other literature
TNK.level1/Proliferating_T	FOXM1	no CellMarker 2.0 record for this cell type, not named with it in a primary reference, and no reviewed sentence from other literature
Bcell.level1/Plasma	TENT5C	no CellMarker 2.0 record for this cell type, not named with it in a primary reference, and no reviewed sentence from other literature
Bcell.level1/Proliferating_B	FOXM1	no CellMarker 2.0 record for this cell type, not named with it in a primary reference, and no reviewed sentence from other literature
Bcell.level2.Plasma/Plasmablast	AURKB	no CellMarker 2.0 record for this cell type, not named with it in a primary reference, and no reviewed sentence from other literature
Bcell.level2.Plasma/Plasmablast	RRM2	no CellMarker 2.0 record for this cell type, not named with it in a primary reference, and no reviewed sentence from other literature
Myeloid.level1/Proliferating_myeloid	FOXM1	no CellMarker 2.0 record for this cell type, not named with it in a primary reference, and no reviewed sentence from other literature
Myeloid.level2.Macrophage/M1_macrophage	IDO1	no CellMarker 2.0 record for this cell type, not named with it in a primary reference, and no reviewed sentence from other literature
Myeloid.level2.Macrophage/M2_macrophage	GAS6	no CellMarker 2.0 record for this cell type, not named with it in a primary reference, and no reviewed sentence from other literature
Myeloid.level2.Macrophage/Hypoxic_TAM	PLIN2	no CellMarker 2.0 record for this cell type, not named with it in a primary reference, and no reviewed sentence from other literature
Myeloid.level2.Macrophage/Hypoxic_TAM	BNIP3	no CellMarker 2.0 record for this cell type, not named with it in a primary reference, and no reviewed sentence from other literature
Myeloid.level2.Macrophage/Hypoxic_TAM	SLC2A3	no CellMarker 2.0 record for this cell type, not named with it in a primary reference, and no reviewed sentence from other literature
caf/iCAF	C3	no CellMarker 2.0 record for this cell type, not named with it in a primary reference, and no reviewed sentence from other literature
caf/iCAF	DUSP1	no CellMarker 2.0 record for this cell type, not named with it in a primary reference, and no reviewed sentence from other literature
caf/iCAF	FBLN1	no CellMarker 2.0 record for this cell type, not named with it in a primary reference, and no reviewed sentence from other literature
caf/iCAF	CCDC80	no CellMarker 2.0 record for this cell type, not named with it in a primary reference, and no reviewed sentence from other literature
caf/iCAF	MYC	no CellMarker 2.0 record for this cell type, not named with it in a primary reference, and no reviewed sentence from other literature
caf/iCAF	EFEMP1	no CellMarker 2.0 record for this cell type, not named with it in a primary reference, and no reviewed sentence from other literature
caf/iCAF	NR4A1	no CellMarker 2.0 record for this cell type, not named with it in a primary reference, and no reviewed sentence from other literature
caf/iCAF	ANXA1	no CellMarker 2.0 record for this cell type, not named with it in a primary reference, and no reviewed sentence from other literature
caf/iCAF	FGF7	no CellMarker 2.0 record for this cell type, not named with it in a primary reference, and no reviewed sentence from other literature
caf/iCAF	KLF4	no CellMarker 2.0 record for this cell type, not named with it in a primary reference, and no reviewed sentence from other literature
caf/iCAF	GPRC5A	no CellMarker 2.0 record for this cell type, not named with it in a primary reference, and no reviewed sentence from other literature
caf/iCAF	SRPX	no CellMarker 2.0 record for this cell type, not named with it in a primary reference, and no reviewed sentence from other literature
caf/iCAF	MT2A	no CellMarker 2.0 record for this cell type, not named with it in a primary reference, and no reviewed sentence from other literature
caf/iCAF	MEDAG	no CellMarker 2.0 record for this cell type, not named with it in a primary reference, and no reviewed sentence from other literature
caf/iCAF	IGF1	no CellMarker 2.0 record for this cell type, not named with it in a primary reference, and no reviewed sentence from other literature
caf/iCAF	MGST1	no CellMarker 2.0 record for this cell type, not named with it in a primary reference, and no reviewed sentence from other literature
caf/iCAF	MCL1	no CellMarker 2.0 record for this cell type, not named with it in a primary reference, and no reviewed sentence from other literature
caf/iCAF	CEBPD	no CellMarker 2.0 record for this cell type, not named with it in a primary reference, and no reviewed sentence from other literature
caf/iCAF	S100A10	no CellMarker 2.0 record for this cell type, not named with it in a primary reference, and no reviewed sentence from other literature
caf/iCAF	UAP1	no CellMarker 2.0 record for this cell type, not named with it in a primary reference, and no reviewed sentence from other literature
caf/iCAF	TNXB	no CellMarker 2.0 record for this cell type, not named with it in a primary reference, and no reviewed sentence from other literature
caf/iCAF	CEBPB	no CellMarker 2.0 record for this cell type, not named with it in a primary reference, and no reviewed sentence from other literature
caf/iCAF	PNRC1	no CellMarker 2.0 record for this cell type, not named with it in a primary reference, and no reviewed sentence from other literature
caf/iCAF	SOCS3	no CellMarker 2.0 record for this cell type, not named with it in a primary reference, and no reviewed sentence from other literature
caf/iCAF	PTGDS	no CellMarker 2.0 record for this cell type, not named with it in a primary reference, and no reviewed sentence from other literature
caf/iCAF	FOSB	no CellMarker 2.0 record for this cell type, not named with it in a primary reference, and no reviewed sentence from other literature
caf/iCAF	NFKBIA	no CellMarker 2.0 record for this cell type, not named with it in a primary reference, and no reviewed sentence from other literature
caf/iCAF	THBS1	no CellMarker 2.0 record for this cell type, not named with it in a primary reference, and no reviewed sentence from other literature
caf/iCAF	OGN	no CellMarker 2.0 record for this cell type, not named with it in a primary reference, and no reviewed sentence from other literature
caf/iCAF	GSN	no CellMarker 2.0 record for this cell type, not named with it in a primary reference, and no reviewed sentence from other literature
caf/iCAF	NAMPT	no CellMarker 2.0 record for this cell type, not named with it in a primary reference, and no reviewed sentence from other literature
caf/iCAF	ITM2A	no CellMarker 2.0 record for this cell type, not named with it in a primary reference, and no reviewed sentence from other literature
caf/iCAF	RGCC	no CellMarker 2.0 record for this cell type, not named with it in a primary reference, and no reviewed sentence from other literature
caf/iCAF	JUND	no CellMarker 2.0 record for this cell type, not named with it in a primary reference, and no reviewed sentence from other literature
caf/iCAF	NNMT	no CellMarker 2.0 record for this cell type, not named with it in a primary reference, and no reviewed sentence from other literature
caf/iCAF	ZFP36	no CellMarker 2.0 record for this cell type, not named with it in a primary reference, and no reviewed sentence from other literature
caf/iCAF	PIM1	no CellMarker 2.0 record for this cell type, not named with it in a primary reference, and no reviewed sentence from other literature
caf/iCAF	CPE	no CellMarker 2.0 record for this cell type, not named with it in a primary reference, and no reviewed sentence from other literature
caf/iCAF	GFPT2	no CellMarker 2.0 record for this cell type, not named with it in a primary reference, and no reviewed sentence from other literature
caf/iCAF	KDM6B	no CellMarker 2.0 record for this cell type, not named with it in a primary reference, and no reviewed sentence from other literature
caf/iCAF	FSTL1	no CellMarker 2.0 record for this cell type, not named with it in a primary reference, and no reviewed sentence from other literature
caf/iCAF	FBLN2	no CellMarker 2.0 record for this cell type, not named with it in a primary reference, and no reviewed sentence from other literature
caf/iCAF	NR4A3	no CellMarker 2.0 record for this cell type, not named with it in a primary reference, and no reviewed sentence from other literature
caf/iCAF	MFAP5	no CellMarker 2.0 record for this cell type, not named with it in a primary reference, and no reviewed sentence from other literature
caf/iCAF	ABL2	no CellMarker 2.0 record for this cell type, not named with it in a primary reference, and no reviewed sentence from other literature
caf/iCAF	SGK1	no CellMarker 2.0 record for this cell type, not named with it in a primary reference, and no reviewed sentence from other literature
caf/iCAF	CILP	no CellMarker 2.0 record for this cell type, not named with it in a primary reference, and no reviewed sentence from other literature
caf/iCAF	UGDH	no CellMarker 2.0 record for this cell type, not named with it in a primary reference, and no reviewed sentence from other literature
caf/iCAF	FBLN5	no CellMarker 2.0 record for this cell type, not named with it in a primary reference, and no reviewed sentence from other literature
caf/iCAF	ADAMTS1	no CellMarker 2.0 record for this cell type, not named with it in a primary reference, and no reviewed sentence from other literature
caf/iCAF	ADH1B	no CellMarker 2.0 record for this cell type, not named with it in a primary reference, and no reviewed sentence from other literature
caf/iCAF	WISP2	no CellMarker 2.0 record for this cell type, not named with it in a primary reference, and no reviewed sentence from other literature
caf/iCAF	GPX3	no CellMarker 2.0 record for this cell type, not named with it in a primary reference, and no reviewed sentence from other literature
caf/iCAF	S100A4	no CellMarker 2.0 record for this cell type, not named with it in a primary reference, and no reviewed sentence from other literature
caf/iCAF	PLAC9	no CellMarker 2.0 record for this cell type, not named with it in a primary reference, and no reviewed sentence from other literature
caf/iCAF	IGFBP6	no CellMarker 2.0 record for this cell type, not named with it in a primary reference, and no reviewed sentence from other literature
caf/iCAF	FBN1	no CellMarker 2.0 record for this cell type, not named with it in a primary reference, and no reviewed sentence from other literature
caf/iCAF	BDKRB1	no CellMarker 2.0 record for this cell type, not named with it in a primary reference, and no reviewed sentence from other literature
caf/iCAF	TPPP3	no CellMarker 2.0 record for this cell type, not named with it in a primary reference, and no reviewed sentence from other literature
caf/iCAF	RASD1	no CellMarker 2.0 record for this cell type, not named with it in a primary reference, and no reviewed sentence from other literature
caf/iCAF	MT1A	no CellMarker 2.0 record for this cell type, not named with it in a primary reference, and no reviewed sentence from other literature
caf/iCAF	CXCL14	no CellMarker 2.0 record for this cell type, not named with it in a primary reference, and no reviewed sentence from other literature
caf/iCAF	PI16	no CellMarker 2.0 record for this cell type, not named with it in a primary reference, and no reviewed sentence from other literature
caf/iCAF	APOE	no CellMarker 2.0 record for this cell type, not named with it in a primary reference, and no reviewed sentence from other literature
caf/iCAF	ARC	no CellMarker 2.0 record for this cell type, not named with it in a primary reference, and no reviewed sentence from other literature
caf/iCAF	PTX3	no CellMarker 2.0 record for this cell type, not named with it in a primary reference, and no reviewed sentence from other literature
caf/iCAF	TNFAIP6	no CellMarker 2.0 record for this cell type, not named with it in a primary reference, and no reviewed sentence from other literature
caf/iCAF	MT1E	no CellMarker 2.0 record for this cell type, not named with it in a primary reference, and no reviewed sentence from other literature
caf/iCAF	MT1X	no CellMarker 2.0 record for this cell type, not named with it in a primary reference, and no reviewed sentence from other literature
caf/myCAF	BGN	no CellMarker 2.0 record for this cell type, not named with it in a primary reference, and no reviewed sentence from other literature
caf/myCAF	GRP	no CellMarker 2.0 record for this cell type, not named with it in a primary reference, and no reviewed sentence from other literature
caf/apCAF	HLA-DMB	no CellMarker 2.0 record for this cell type, not named with it in a primary reference, and no reviewed sentence from other literature
caf/apCAF	SAA2	no CellMarker 2.0 record for this cell type, not named with it in a primary reference, and no reviewed sentence from other literature
caf/apCAF	MSLN	no CellMarker 2.0 record for this cell type, not named with it in a primary reference, and no reviewed sentence from other literature
caf/apCAF	CDH11	no CellMarker 2.0 record for this cell type, not named with it in a primary reference, and no reviewed sentence from other literature
caf/apCAF	KRT19	no CellMarker 2.0 record for this cell type, not named with it in a primary reference, and no reviewed sentence from other literature
caf/apCAF	NFE2L3	no CellMarker 2.0 record for this cell type, not named with it in a primary reference, and no reviewed sentence from other literature
