name	gene	pmid	reviewed	sentence
Epithelial_tumor	MSLN	30570109	2026-10-04	The most commonly explored antigens in human vaccine trials are the cancer testis antigens melanoma-associated antigen 3 and NY-ESO-1. iii) Other human TAAs are upregulated via epigenetic mechanisms, including carcinoembryonic antigen (CEA; gastrointestinal cancer), Wilms tumor-1 (Wilms tumor, leukemia and lymphoma), mesothelin (pancreatic cancer, ovarian cancer and mesothelioma) and Her2/Neu (breast and ovarian cancer). iv) Tissue-restricted antigens expressed by tumors represent another category of shared TAAs.
Epithelial_tumor	MSLN	23242161	2026-10-04	Likewise, one may selectively target ovarian cancer through a combination of mesothelin, folate receptor-α, CD44, and/or CD133. , When determining candidate sets of antigens for targeting a particular tumor type, an antigen should be selected based on higher cell expression in cancerous tissue, but not normal tissue or lymphocytes.
Fibroblast	COL5A2	33950524	2026-10-04	Moreover, close inspection of the fibroblast population (cluster 1) indicated that a lower proportion of cells expressed key marker genes such as PDGFRA, PDGFRB, CD34, and the matrix‐associated genes POSTN and COL3A1 (also SPARC, COL5A2, COL14A1 ) in post‐menopausal tissue (Fig ).
Fibroblast	COL5A2	37463917	2026-10-04	The resulting group of CAFs ( n = 4525 cells) expressed MMP11 and other matrix metalloproteinase-encoding mRNAs, and collagen-encoding mRNAs ( COL10A1, COL11A1, COL8A1, COL1A2, COL12A1, COL3A1 , COL8A1 and COL5A2 ).
Fibroblast	FBLN5	29280568	2026-10-04	Most of the identified proteins, including fibulin‐5 (FBLN5), solute carrier family 2 facilitated glucose transporter member 1 (SLC2A1) and cell surface glycoprotein MUC18, were more abundant in TGF‐β‐induced fibroblasts, indicating the presence of myofibroblast‐like CAFs in peripheral tumor regions.
Fibroblast	LRRC15	35883004	2026-10-04	For example, TGFβ-driven LRRC15 + CAFs correlate with poor response to anti–PD-L1 therapy in PDAC .
Fibroblast	LRRC15	36171287	2026-10-04	Conversely, LRRC15 + CAF ablation markedly reduced fibroblast cellularity in the TME.
Fibroblast	CDH11	29476097	2026-10-04	CD34 – and CD34 + fibroblasts could further be divided into four and three populations, respectively, based on THY1 and CDH11 expression.
Mesothelial	CALB2	32561858	2026-10-04	Based on calretinin ( CALB2 ) and mesothelin ( MSLN ) expression, C6_CALB2s were likely to represent mesothelium-derived cells.
Mesothelial	CALB2	35288842	2026-10-04	Conventional mesothelial (calretinin, WT1) and endothelial (D2-40, CD31, ERG) markers can readily define the epithelial/mesothelial or endothelial origin, respectively [ ] (Figs. and ).
Mesothelial	PTGIS	38467625	2026-10-04	Mesothelial cells sampled from eight visceral organs formed a cluster distant from other stromal cells and showed distinctive expression of NPR1 , CFB , PTGIS , ITGB3 , and PNMT (cluster 35, Fig. and Supplementary Fig. ).
Ovarian_stroma	ARX	38578993	2026-10-04	As a group, they were characterized by mesenchymal cell markers DCN and PDGFRA and the more recently reported ovarian stromal cell markers APOE , LUM , ARX , and FHL2 ( ) ( , ).
Ovarian_stroma	TCF21	36803359	2026-10-04	We compared the bulk transcriptomes of hiPSCs, COV434 and KGN ovarian tumor cells, and sorted FOXL2+CD82+ granulosa-like cells from day 5 of a polyclonal differentiation with expression of our previously identified top TFs (NR5A1, TCF21, GATA4, and RUNX1; see ).
Proliferating	CCNB1	28445465	2026-10-04	BD Resolve system) (a) Distribution of expression of the neuronal marker STMN2 , (b) the progenitor marker VIM and of (c) a set of genes associated with the M cell cycle phase ( AURKB , TPX2 , UBE2C , HMMR , TOP2A , CCNB1 , NUSAP1 , NUF2 , CDC6 , HIST1H4C , BIRC5 , CKS2 ).
Fibroblast	AEBP1	31667643	2026-10-04	Most interestingly, of these stromal marker proteins FSTL1, SPON2, LTBP2, AEBP1, and IGFBP7 were significantly downregulated in CAF secretomes when WNT2 was silenced by genetic interference, indicating a role for WNT2 in maintenance of CAF marker expression.
Fibroblast	THBS2	34642171	2026-10-04	H, Bubble plot depicting sublineage-specific expression of CAF marker genes FAP , CSPG4 , PDGFA , ASPN , S100A4 , COL8A1 , THBS2 , and CTHRC1 in fibroblast clusters.
Proliferating	AURKB	28445465	2026-10-04	BD Resolve system) (a) Distribution of expression of the neuronal marker STMN2 , (b) the progenitor marker VIM and of (c) a set of genes associated with the M cell cycle phase ( AURKB , TPX2 , UBE2C , HMMR , TOP2A , CCNB1 , NUSAP1 , NUF2 , CDC6 , HIST1H4C , BIRC5 , CKS2 ).
Proliferating	RRM2	20305636	2026-10-04	Since RRM2 protein expression is largely restricted to the late G1/early S phase of cell cycle, not all of the tumor cells will be expressing RRM2. shows IHC data for RRM2 and TfR proteins in C1 pre and C1 post samples (IHC analyses were performed in a blinded fashion and 10 random regions of each sample were analyzed).
Proliferating	RRM2	16280042	2026-10-04	Among the genes associated with low-risk tumors we found CDKN1C, PDGFD, IGF1, HOXA5, SLIT2 and PTN, and many of the genes associated with high-risk tumors appeared to be involved in cell-cycle regulation (including CDC2, CDC20, BUB1B, PRC1 and RRM2) and in transcription (such as TOP2A).
Macrophage_Mono	SLCO2B1	31993307	2026-10-04	Some other members of the SLCO superfamily may have links to the immune responses as well, since SLCO2B1, SLCO3A1, and SLCO4A1 are expressed in monocytes and antigen-presenting cells, macrophages, and dendritic cells, among which SLCO2B1 and SLCO4A1 are notably more highly expressed than in the monocytes and dendritic cells, which indicates that they may have a role in macrophage maturation and activation .
Macrophage	SLCO2B1	31993307	2026-10-04	Some other members of the SLCO superfamily may have links to the immune responses as well, since SLCO2B1, SLCO3A1, and SLCO4A1 are expressed in monocytes and antigen-presenting cells, macrophages, and dendritic cells, among which SLCO2B1 and SLCO4A1 are notably more highly expressed than in the monocytes and dendritic cells, which indicates that they may have a role in macrophage maturation and activation .
CD4_Th_effector	IL2	14676299	2026-10-04	Both OVA-specific production of Th1 ( , IL-2 and IFN-γ) and Th2 ( F, IL-4) cytokines were blunted in TGF-β–pretreated transgenic CD4 + T cells.
CD4_Th_effector	IL2	34248142	2026-10-04	Th1 cells, a lineage of CD4 + effector T cells characterized by the secretion of IL-2, IFN-γ, TNF-α, and lymphotoxin are principally responsible for activating and regulating the development and persistence of CTLs.
Naive_B	BACH2	33567273	2026-10-04	The first outlier cluster consisted of naive B cells, characterized by the expression of IGHD , as well as BACH2 and BTG1 ( A).
Memory_B	CD80	33657410	2026-10-04	The memory B cell cluster (B_c03-CD27-AIM2), expressing relatively high levels of CD27 , CD80 , AIM2 , GRIP2 , and COCH , was the second major source of plasma B cells and shared a large proportion of clonotypes with plasma cells and plasmablasts ( B).
Plasmablast	TOP2A	35140214	2026-10-04	Since B6 also expressed MKI67 and TOP2A, B6 and B7 were thus defined as plasmablasts and PCs, respectively (Fig. ).
Plasmablast	TOP2A	37158690	2026-10-04	Besides genes related to antibody secretion, B_c06_PB_MKI67 also highly expressed proliferation genes, such as MKI67 , TOP2A , and UBE2C , thus, representing proliferating plasmablast.
Osteoclast_like_giant	NFATC1	26247020	2026-10-04	The RANKL/RANK interaction also promotes the expression of other osteoclastogenic factors such as NFATc1 and DC-STAMP.
Osteoclast_like_giant	NFATC1	17088434	2026-10-04	The expression of NFATc1, an essential transcription factor for osteoclastogenesis ( , ), was also revealed to be down-regulated by immunostaining ( ).
Osteoclast_like_giant	ATP6V0D2	35794482	2026-10-04	We defined two testis-specific macrophage populations using scRNA-seq and validated them with smFISH: (1) SIGLEC15 + fetal testicular macrophages (ftMs), with an osteoclast-like signature ( SIGLEC15 , ACP5 , ATP6V0D2 ; refs. – ) and (2) TREM2 + ftMs, with a microglia-like signature ( TREM2, P2RY12 , SALL1 ; refs. – ) (Fig. , Extended Data Fig. , Extended Data Fig. and Supplementary Table ).
Osteoclast_like_giant	ATP6V0D2	29074822	2026-10-04	This is achieved through the expression of genes related to osteoclastic resorption (but not differentiation), such as TRAP, cathepsin K and vacuolar proton pump subunits, ATP6V0D2 and ATP6V1G1, as well as matrix metalloproteinases 13 and 14 [ - ].
M1_macrophage	GBP1	32822576	2026-10-04	Top differentially expressed genes in this population also included the guanylate-binding family proteins GBP1 and GBP5 , which are induced in IFN-γ-activated macrophages and promote inflammatory signaling within the innate immune system via inflammasome assembly ( ) ( B;
M1_macrophage	GBP1	33298893	2026-10-04	Consistently, these macrophages expressed higher levels of IFN-γ related genes such as TNFAIP3 , GBP1 , APOBEC3A , and GBP5 .
M1_macrophage	GBP5	32822576	2026-10-04	Top differentially expressed genes in this population also included the guanylate-binding family proteins GBP1 and GBP5 , which are induced in IFN-γ-activated macrophages and promote inflammatory signaling within the innate immune system via inflammasome assembly ( ) ( B;
M1_macrophage	GBP5	33298893	2026-10-04	Consistently, these macrophages expressed higher levels of IFN-γ related genes such as TNFAIP3 , GBP1 , APOBEC3A , and GBP5 .
M2_macrophage	F13A1	31591603	2026-10-04	Additionally, SYM macrophages may be involved self-maintaining the reparative M2-like phenotype through the expression of the differentiation M2 marker F13A1 ( ; , ).
M2_macrophage	F13A1	35959412	2026-10-04	We identified two populations of macrophages, including a subset that expressed tissue-resident markers (Mac1: MRC1 , SIGLEC1 , CD163 , LYVE1 and F13A1 ) - and a subset that expressed chemokines and cytokines (Mac2: CCL3 , CCL4 , CXCL3 , CXCL8 and IL1β ).
M2_macrophage	SELENOP	32561858	2026-10-04	Indeed, there was more pronounced M2 marker expression (e.g., SEPP1 , STAB1 , CCL13 ) in 34% of C5s.
M2_macrophage	SELENOP	30402542	2026-10-04	MACs specifically expressed MS4A4A , STAB1 , SEPP1 , and MS4A7 , characteristic for “alternatively activated” M2 macrophages.
M2_macrophage	LYVE1	29892064	2026-10-04	Both mouse and human CCR2- macrophage subsets expressed higher levels of tissue resident macrophage markers (MRC1, CD163, SIGLEC1, LYVE1) and growth factors (IGF1, PDGF-C) compared to human and mouse CCR2+ macrophages.
M2_macrophage	SLC40A1	29765329	2026-10-04	Likewise, M2-like macrophages express higher levels of ferroportin compared to M1.
M2_macrophage	SLC40A1	31209404	2026-10-04	By contrast, CM4 expressed many genes associated with alternatively activated macrophages, including CD163 and SLC40A1 (ferroportin), which control iron homeostasis ;
TREM2_TAM	LIPA	36190844	2026-10-04	Relative to hFoamy-Mφ and hLYVE1-Mφ, hInflammatory-Mφ were enriched in MHCII encoding genes ( CD74 ), inflammatory cytokines ( CXCL2 , CCL3 , CCL4 , IL1B ), receptors ( CLEC4E ) and transcriptional regulators ( IER3, NFKBIA, NR4A2 ), similarly found in mouse inflammatory-Mφ. hFoamy-Mφ showed enrichment in markers characteristic of mouse foamy/ Trem2 hi macrophages ( TREM2 , CD9 , GPNMB , SPP1 , CTSL , LIPA, ACP5 ), and hLYVE1-Mφ expressed genes associated with mouse resident/resident-like macrophages ( LYVE1 , CD163 , SEPP1 , FOLR2 , F13A1, MRC1, VSIG4 ) ( Figure D ).
TREM2_TAM	LIPA	39516356	2026-10-04	Human TREM2+ LAMs were characterized by further specific gene expression signatures, including LIPA, CTSB, CTSL, FABP4, FABP5, LGALS3, CD9 and CD36.
TREM2_TAM	LGALS3	34489408	2026-10-04	They also highly expressed TREM2 (encoding lipid receptor) and LGALS3 (associated with immune suppression), which were recently found to be associated with metabolic diseases .
TREM2_TAM	LGALS3	35658903	2026-10-04	Similarly, Jaitin et al. found that Trem2-driven LAMs express many immunosuppression-related genes (such as LGALS1 and LGALS3), revealing that Trem2 is likely to restrain inflammatory response in adipose tissue [ ].
TREM2_TAM	FABP5	37612267	2026-10-04	The four LAM clusters (LAM1-4) shared similar transcriptomic characteristics including high expression of the macrophage marker CD68 and lipid metabolism genes such as APOE, APOC1, and FABP5 (Fig. ).
TREM2_TAM	FABP5	38646596	2026-10-04	We then checked expression levels of FABP5 , LGALS3 and TREM2 and identified cluster 8 as foamy macrophages.
TREM2_TAM	LGMN	33411796	2026-10-04	LAM demonstrated the highest expression of genes associated with lipid metabolism including APOC1 , APOE , LGMN , FABP5 .
TREM2_TAM	LGMN	38948071	2026-10-04	Among them, the TREM2 + subpopulation was characterized by high expression of GPNMB, TREM2, ACP5, LGMN, and TIMP2 (Figure A, D), and mainly distributed at the boundary and core region of the tumor (Figure B, E).
TREM2_TAM	CTSL	36190844	2026-10-04	Relative to hFoamy-Mφ and hLYVE1-Mφ, hInflammatory-Mφ were enriched in MHCII encoding genes ( CD74 ), inflammatory cytokines ( CXCL2 , CCL3 , CCL4 , IL1B ), receptors ( CLEC4E ) and transcriptional regulators ( IER3, NFKBIA, NR4A2 ), similarly found in mouse inflammatory-Mφ. hFoamy-Mφ showed enrichment in markers characteristic of mouse foamy/ Trem2 hi macrophages ( TREM2 , CD9 , GPNMB , SPP1 , CTSL , LIPA, ACP5 ), and hLYVE1-Mφ expressed genes associated with mouse resident/resident-like macrophages ( LYVE1 , CD163 , SEPP1 , FOLR2 , F13A1, MRC1, VSIG4 ) ( Figure D ).
TREM2_TAM	CTSL	39516356	2026-10-04	Human TREM2+ LAMs were characterized by further specific gene expression signatures, including LIPA, CTSB, CTSL, FABP4, FABP5, LGALS3, CD9 and CD36.
TREM2_TAM	CTSL	33919858	2026-10-04	Human TREM-2 + LAM cells displayed a gene signature (LIPA, CTSB, CTSL, FABP4, FABP5, LGALS3, CD9, and CD36) comparable to LAM in mice.
Hypoxic_TAM	SLC2A1	34209679	2026-10-04	Hypoxic GLUT1-high TAMs displayed increased gene expression level of REDD1, mTOR inhibitor, compared to normoxic TAMs, that was demonstrated in murine models of lung cancer (LLC) and breast cancer (E0771 and PyMT) [ ]. mTOR inhibition induced tumor vessel abnormalization and metastasis mediated by TAMs.
Hypoxic_TAM	HK2	40630800	2026-10-04	Moreover, TAMs located in hypoxic areas increase the expression of genes involved in glycolysis, such as GLUT1 and HK2, along with pathways related to fatty acid oxidation, which supports their survival and stimulates the release of immunosuppressive cytokines including IL-10 and TGF-β ( ).
Hypoxic_TAM	ADM	27774466	2026-10-04	Hif1a mRNA has a shorter half-life than Hif2a mRNA and, following intrapulmonary LPS challenge, Hif1a is rapidly upregulated but declines after 24 hours, whereas Hif2a expression is delayed but maintained during the resolution phase. , HIF-1α and HIF-2α bind to the same promoter sequence and the expression of many hypoxia-inducible genes, including VEGF , IL1B , CXCL8 , GLUT1 , ADM (adrenomedullin), CXCR4 , and STAT4 , can be impaired by siRNA targeted against either HIF1A or HIF2A .
Hypoxic_TAM	ADM	41203997	2026-10-04	THP-1 cells differentiated with PMA were cultured under hypoxic conditions, resulting in the upregulation of SPP1 and ADM expression (Fig. and Supplementary Fig. ).
Hypoxic_TAM	LDHA	33505964	2026-10-04	The gene expression profile of hypoxic macrophages varies including low expression of MHC-II, as well as strengthened hypoxic adaptations such as VEGFA, LDHA, and uPAR ( ; ).
Hypoxic_TAM	LDHA	39317456	2026-10-04	Among the hypoxia upregulated genes (cluster 3), we found several genes LDHA , NDRG1 , P4HA1 and SLC2A1 ( ), which are part of the HIF-1α target gene set identified by Chromatine immunoprecipitation (ChIP) enrichment analysis suggesting that the HIF-1α-dependent hypoxic response is mainly independent of the CSF-1R pathway.
Hypoxic_TAM	VEGFA	28246332	2026-10-04	Consistent with this, analysis of tumor sections in the MMTV-PyMT model revealed that hypoxic TAMs expressed higher VEGFA levels than TAMs located in other tumor regions ( ).
Monocyte_classical	CCR2	24398220	2026-10-04	Functional properties of human monocyte subsets As shown in Figure , human CD14 ++ CD16 - classical monocytes express high levels CCR2 and CD62L (L-selectin), and low levels of CX3CR1.
Monocyte_classical	CCR2	28606987	2026-10-04	Similarly, in mice, two populations of monocytes have been described: Ly6C hi CCR2 + CX 3 CR1 int and Ly6C lo CCR2 − CX 3 CR1 hi , representing classical and nonclassical monocytes, respectively ( ).
Monocyte_classical	SELL	24398220	2026-10-04	Although much more evidence supports that Ly6C + and CD14 + CD16 - classical monocytes are pro-inflammatory monocytes, their high expressions of CD62L imply a possible role of lymph node migration and differentiate into a variety of macrophages and dendritic cell subtypes that could inhibit immune response [ ].
Monocyte_nonclassical	LILRB2	31543877	2026-10-04	In alignment with human monocyte subset expression signatures, the lung monocyte populations identified in this study were defined as classical ( CD14, FCN1 ), non-classical ( CDKN1C, LILRB2, ITGAL ), and neutrophil-like ( S100A8, S100A9, CSF3R ).
Monocyte_nonclassical	LILRB2	34276685	2026-10-04	Furthermore, they described that CD16 + monocytes show a significantly higher LILRB2 expression than CD16 - monocytes, indicating that especially nonclassical proinflammatory CD16 + monocyte may play a role in dysregulating immune responses and altering the monocyte phenotype in inflammatory conditions ( ).
myCAF	CALD1	38229104	2026-10-04	As depicted in Fig. b, CAF low expressed these iCAF markers, whereas CAF high exhibited increased expression of prototypical myofibroblast markers including CTGF , TAGLN , CALD1 , MYL9 , POSTN , CNN1 , CXCL12 and MMP11 [ , , ].
myCAF	IGFBP7	39045455	2026-10-04	Similar results were recently confirmed in gastric cancer, where IGFBP7 was mainly expressed by myofibroblastic CAFs ( ).
myCAF	IGFBP7	37568781	2026-10-04	It was found that myCAFs express more IGFBP7 than inflammatory CAFs (iCAFs) [ ], indicating that IGFBP7 + CAFs belong to the subset of myCAFs. 3.3.
myCAF	CTHRC1	36720863	2026-10-04	Key markers for the myofibroblast subpopulation included MMP11, POSTN, CTHRC1, COL1A1, ACTA2 and COL3A1 .
myCAF	CTHRC1	39075108	2026-10-04	( c ) UMAP of DE genes in CTHRC1 + GREM1 + myCAF.
myCAF	INHBA	37633924	2026-10-04	Notable findings include T-cell recruiting CCL21 expression by qPSCs, IL6 expression by iCAFs, and INHBA by myCAFs.
myCAF	INHBA	36316305	2026-10-04	Fig. , cluster 0) cluster was enriched for myofibroblastic pathways such as ECM remodeling (collagens and MMPs), wound healing ( INHBA, THBS2 ), smooth muscle contraction ( ACTA2 and TPM genes), and cell-substrate adhesion ( LRRC15, ITGB5 ) , , , .
myCAF	COL10A1	34035226	2026-10-04	In accordance with previous studies , , we showed that subcluster C3 was myCAFs, which highly expressed COL10A1 and POSTN , and its marker genes were linked to ECM-receptor interaction and PI3K/AKT signaling (Fig. ).
myCAF	CST1	41316282	2026-10-04	Moreover, CST1 + myofibroblasts as a tumor-specific fibroblast subtype, which is associated with poor prognosis in ESCC were identified [ ] (Table ).
apCAF	HLA-DRB1	37463917	2026-10-04	Antigen-presenting CAFs (apCAFs): We identified two clusters (clusters 8 ( n = 427) and 10 ( n = 366), Supplementary Fig. and Supplementary Data and ) with high expression of genes involved in MHC-II-associated antigen presentation, including HLA-DRA , HLA-DRB1 and CD74 (Fig. ).
apCAF	HLA-DRB1	40038297	2026-10-04	Cluster 5, which showed high expression of CD74 , HLA-DRA , HLA-DRB1 and HLA-DPA1 (genes related to MHC class II molecules) and strong activity in the antigen processing and presentation pathway, was annotated as apCAFs (Fig. ).
apCAF	HLA-DRB5	35784460	2026-10-04	C2 CAFs expressed CD74 and MHC-Ⅱ (such as HLA-DRA, HLA-DRB1, HLA-DQB1, HLA-DRB5, HLA-DPA1 and HLA-DPB1), which were reported as ‘antigen- presenting CAFs (apCAFs)’ ( ; ).
apCAF	HLA-DPB1	38755647	2026-10-04	ApCAFs were characterized by high expression of antigen presentation molecules (HLA-DRA, HLA-DPA1, HLA-DPB1, HLA-DRB), and the pathway was associated with immune regulation (Fig.
apCAF	HLA-DPB1	39375726	2026-10-04	An antigen-presenting CAFs (apCAFs) were also identified, expressing CD74, HLA-DRA, and HLA-DPB1 [ ].
apCAF	HLA-DQB1	37046676	2026-10-04	Cluster d) fibroblasts are identified as antigen-presenting CAFs and express major histocompatibility complex II (MHC-II) genes CD74, HLA-DPA1, HLA-DPB1 and HLA-DQB1, mainly involved in immunomodulation such as T cell activation and leukocyte cell–cell adhesion.
apCAF	HLA-DQB1	35784460	2026-10-04	C2 CAFs expressed CD74 and MHC-Ⅱ (such as HLA-DRA, HLA-DRB1, HLA-DQB1, HLA-DRB5, HLA-DPA1 and HLA-DPB1), which were reported as ‘antigen- presenting CAFs (apCAFs)’ ( ; ).
apCAF	HLA-DMA	39524442	2026-10-04	For instance, cluster 12 and 16 both expressed apCAF-related markers like CD74, HLA-DRA, HLA-DRB1, and HLA-DMA.
apCAF	SAA1	37174079	2026-10-04	SAA1 and SAA3 are upregulated in inflammatory CAFs [ ] and also in apCAFs [ ].
apCAF	STAT1	36197901	2026-10-04	Treg, regulatory T cells Recently, Elyada et al identified a new subset of fibroblasts, called apCAF, in PDAC, and it has high activity against STAT1, which is known to mediate MHC class II expression in response to IFNγ, suggesting that apCAF is regulated by IFNγ signaling in vivo.
apCAF	STAT1	34948209	2026-10-04	The apCAFs also showed higher activity for STAT1, which is known to mediate MHCII expression in response to IFNγ, suggesting that apCAFs are regulated by IFNγ signaling in vivo [ ].
apCAF	IRF5	34336821	2026-10-04	They found activated proteins in apCAFs, except the most highly activated proteins H2-Ab1 and CD74, which also included CD239, CD321, and interferon regulatory factor 5 (IRF5) ( ). also found that apCAFs highly expressed CD74, H2-Ab1, and Saa3. proved that a subtype of CAFs could perform antigen processing and presentation through the MHC-II pathway and had complement activation functions. apCAFs could express costimulators such as professional antigen presenting cells (APCs), but their levels were significantly lower, indicating that apCAFs act differently from professional APCs in PDAC.
apCAF	IRF5	36358721	2026-10-04	High activation of MHCII-related genes in apCAFs has been demonstrated by VIPER analysis of murine CAFs, in addition to high activation of other regulators of immune activity such as BCAM and F11R (members of the immunoglobulin superfamily) and IRF5 (an interferon-regulating protein) [ ].
apCAF	NFE2L2	35995947	2026-10-04	VIM and NFE2L2 were highly expressed in apCAFs, which were more abundant in treated samples ( P < 10 −5 ) (Fig. ).
apCAF	BCAM	36358721	2026-10-04	High activation of MHCII-related genes in apCAFs has been demonstrated by VIPER analysis of murine CAFs, in addition to high activation of other regulators of immune activity such as BCAM and F11R (members of the immunoglobulin superfamily) and IRF5 (an interferon-regulating protein) [ ].
apCAF	F11R	36358721	2026-10-04	High activation of MHCII-related genes in apCAFs has been demonstrated by VIPER analysis of murine CAFs, in addition to high activation of other regulators of immune activity such as BCAM and F11R (members of the immunoglobulin superfamily) and IRF5 (an interferon-regulating protein) [ ].
Ovarian_stroma	NR5A1	36803359	2026-10-04	We compared the bulk transcriptomes of hiPSCs, COV434 and KGN ovarian tumor cells, and sorted FOXL2+CD82+ granulosa-like cells from day 5 of a polyclonal differentiation with expression of our previously identified top TFs (NR5A1, TCF21, GATA4, and RUNX1; see ).
Ovarian_stroma	GATA4	36803359	2026-10-04	We compared the bulk transcriptomes of hiPSCs, COV434 and KGN ovarian tumor cells, and sorted FOXL2+CD82+ granulosa-like cells from day 5 of a polyclonal differentiation with expression of our previously identified top TFs (NR5A1, TCF21, GATA4, and RUNX1; see ).
M2_macrophage	LYVE1	35959412	2026-10-04	We identified two populations of macrophages, including a subset that expressed tissue-resident markers (Mac1: MRC1 , SIGLEC1 , CD163 , LYVE1 and F13A1 ) - and a subset that expressed chemokines and cytokines (Mac2: CCL3 , CCL4 , CXCL3 , CXCL8 and IL1β ).
TREM2_TAM	LGALS3	39516356	2026-10-04	Human TREM2+ LAMs were characterized by further specific gene expression signatures, including LIPA, CTSB, CTSL, FABP4, FABP5, LGALS3, CD9 and CD36.
TREM2_TAM	FABP5	39516356	2026-10-04	Human TREM2+ LAMs were characterized by further specific gene expression signatures, including LIPA, CTSB, CTSL, FABP4, FABP5, LGALS3, CD9 and CD36.
Hypoxic_TAM	SLC2A1	40630800	2026-10-04	Moreover, TAMs located in hypoxic areas increase the expression of genes involved in glycolysis, such as GLUT1 and HK2, along with pathways related to fatty acid oxidation, which supports their survival and stimulates the release of immunosuppressive cytokines including IL-10 and TGF-β ( ).
Hypoxic_TAM	VEGFA	33505964	2026-10-04	The gene expression profile of hypoxic macrophages varies including low expression of MHC-II, as well as strengthened hypoxic adaptations such as VEGFA, LDHA, and uPAR ( ; ).
Hypoxic_TAM	PGK1	27774466	2026-10-04	HIF1A -null or small interfering RNA (siRNA)-treated macrophages have reduced basal expression and hypoxic induction of the glycolytic genes PGK and GLUT1 , whereas the loss of VHL mimics hypoxic induction. , Release of lactate, a marker of glycolytic activity and inflammatory activation, is significantly lower in Hif1a −/− macrophages and significantly higher in Vhl −/− cells.
apCAF	HLA-DPB1	35784460	2026-10-04	C2 CAFs expressed CD74 and MHC-Ⅱ (such as HLA-DRA, HLA-DRB1, HLA-DQB1, HLA-DRB5, HLA-DPA1 and HLA-DPB1), which were reported as ‘antigen- presenting CAFs (apCAFs)’ ( ; ).
apCAF	HLA-DRB1	35784460	2026-10-04	C2 CAFs expressed CD74 and MHC-Ⅱ (such as HLA-DRA, HLA-DRB1, HLA-DQB1, HLA-DRB5, HLA-DPA1 and HLA-DPB1), which were reported as ‘antigen- presenting CAFs (apCAFs)’ ( ; ).
